model,specification,dependent_variable,independent_variable,coef,std_error,t_stat,p_value,r2,n_obs
1,Pooled OLS,asset_growth,leverage_growth,0.4239132437598239,0.09772945292709168,4.337620144830572,1.4403380374467195e-05,0.26913472174184583,605
2,Bank FE,asset_growth,leverage_growth,0.4238893292573778,0.09407423342867015,4.505902560224242,7.963774674824009e-06,0.2726611750294241,605
3,Time FE,asset_growth,leverage_growth,0.45447330313382883,0.05716568766723392,7.950106465601439,1.0658141036401503e-14,0.27124177058087684,605
4,Bank + Time FE,asset_growth,leverage_growth,0.4545395824986535,0.058285059226941806,7.798560875246502,3.26405569239796e-14,0.27123561185445844,605
