estimator,model_name,dep_var,regressor_name,const,beta,se,t,pvalue,r2,n_obs,n_banks,n_periods
FE,Model 1,log_leverage,log_unit_var_95,2.3591543185256456,-0.010573003727846255,0.048075909749039435,-0.21992311290703148,0.8260941990540116,0.0008911478848422361,282,6,47
FE,Model 2,log_assets,log_var_95_level,13.741263984527714,0.18206840155181395,0.09843980536364112,1.8495404463595289,0.0654527098238844,0.1082942906618094,282,6,47
FE,Model 3,log_equity,log_var_95_level,11.802346035008823,0.038739434007656906,0.05887762766695679,0.6579652669905074,0.5111108491798735,0.01275206253717509,282,6,47
Pooled,Model 1,log_leverage,log_unit_var_95,3.093666244763906,0.05808804058233576,0.017576135061554175,3.304938223272808,0.0010737310416601975,0.11844420553929813,282,6,47
Pooled,Model 2,log_assets,log_var_95_level,14.76757934776388,-0.09374061822399059,0.11331920436222846,-0.827226230113174,0.40881327454769467,0.017160477978432898,282,6,47
Pooled,Model 3,log_equity,log_var_95_level,12.656011360942484,-0.19067211452450464,0.1450277417669608,-1.3147285629730616,0.18967695905722004,0.06445312528504388,282,6,47
