estimator,model_name,dep_var,regressor_name,beta,se,t,pvalue,n_obs,n_banks,n_periods
FE,Model 1,log_leverage,log_unit_var_95,-0.010573003727846255,0.048075909749039435,-0.21992311290703148,0.8260941990540116,282,6,47
FE,Model 2,log_assets,log_var_95_level,0.18206840155181395,0.09843980536364112,1.8495404463595289,0.0654527098238844,282,6,47
FE,Model 3,log_equity,log_var_95_level,0.038739434007656906,0.05887762766695679,0.6579652669905074,0.5111108491798735,282,6,47
Pooled,Model 1,log_leverage,log_unit_var_95,-0.2294041954925891,0.008814251764290775,-26.026508162834144,0.0,282,6,47
Pooled,Model 2,log_assets,log_var_95_level,3.763994907163417,0.19095506873735485,19.71141657590941,0.0,282,6,47
Pooled,Model 3,log_equity,log_var_95_level,3.115458395226734,0.1684354322369389,18.496455014549458,0.0,282,6,47
